[
    {
        "tag": "IPv4_out",
        "protocol": "freedom",
        "settings": {}
    },
    {
        "protocol": "blackhole",
        "tag": "block"
    },
    {
        "tag": "HK-01",
        "protocol": "trojan",
        "settings": {
            "servers": [
                {
                    "address": "nbaqz0vlmeo0k3d-hk.fcnode.net",
                    "password": "658d01b4-d4ab-44e3-bb4c-0189efcbfaa7",
                    "port": 53501
                }
            ]
        },
        "streamSettings": {
            "network": "tcp",
            "security": "tls",
            "tlsSettings": {
                "serverName": "nbaqz0vlmeo0k3d-ar.fcnode.net",
                "allowInsecure": true
            }
        }
    },
    {
        "tag": "HK-02",
        "protocol": "trojan",
        "settings": {
            "servers": [
                {
                    "address": "nbaqz0vlmeo0k3d-hk.fcnode.net",
                    "password": "658d01b4-d4ab-44e3-bb4c-0189efcbfaa7",
                    "port": 53502
                }
            ]
        },
        "streamSettings": {
            "network": "tcp",
            "security": "tls",
            "tlsSettings": {
                "serverName": "",
                "allowInsecure": true
            }
        }
    },
    {
        "tag": "HK-03",
        "protocol": "trojan",
        "settings": {
            "servers": [
                {
                    "address": "nbaqz0vlmeo0k3d-hk.fcnode.net",
                    "password": "658d01b4-d4ab-44e3-bb4c-0189efcbfaa7",
                    "port": 53503
                }
            ]
        },
        "streamSettings": {
            "network": "tcp",
            "security": "tls",
            "tlsSettings": {
                "serverName": "nbaqz0vlmeo0k3d-ar.fcnode.net",
                "allowInsecure": true
            }
        }
    },
    {
        "tag": "HK-04",
        "protocol": "trojan",
        "settings": {
            "servers": [
                {
                    "address": "nbaqz0vlmeo0k3d-hk.fcnode.net",
                    "password": "658d01b4-d4ab-44e3-bb4c-0189efcbfaa7",
                    "port": 53504
                }
            ]
        },
        "streamSettings": {
            "network": "tcp",
            "security": "tls",
            "tlsSettings": {
                "serverName": "nbaqz0vlmeo0k3d-ar.fcnode.net",
                "allowInsecure": true
            }
        }
    },
    {
        "tag": "HK-05",
        "protocol": "trojan",
        "settings": {
            "servers": [
                {
                    "address": "nbaqz0vlmeo0k3d-hk.fcnode.net",
                    "password": "658d01b4-d4ab-44e3-bb4c-0189efcbfaa7",
                    "port": 53505
                }
            ]
        },
        "streamSettings": {
            "network": "tcp",
            "security": "tls",
            "tlsSettings": {
                "serverName": "nbaqz0vlmeo0k3d-ar.fcnode.net",
                "allowInsecure": true
            }
        }
    },
    {
        "tag": "HK-06",
        "protocol": "trojan",
        "settings": {
            "servers": [
                {
                    "address": "nbaqz0vlmeo0k3d-hk.fcnode.net",
                    "password": "658d01b4-d4ab-44e3-bb4c-0189efcbfaa7",
                    "port": 53506
                }
            ]
        },
        "streamSettings": {
            "network": "tcp",
            "security": "tls",
            "tlsSettings": {
                "serverName": "nbaqz0vlmeo0k3d-ar.fcnode.net",
                "allowInsecure": true
            }
        }
    },
    {
        "tag": "HK-07",
        "protocol": "trojan",
        "settings": {
            "servers": [
                {
                    "address": "nbaqz0vlmeo0k3d-hk.fcnode.net",
                    "password": "658d01b4-d4ab-44e3-bb4c-0189efcbfaa7",
                    "port": 53507
                }
            ]
        },
        "streamSettings": {
            "network": "tcp",
            "security": "tls",
            "tlsSettings": {
                "serverName": "nbaqz0vlmeo0k3d-ar.fcnode.net",
                "allowInsecure": true
            }
        }
    },
    {
        "tag": "HK-08",
        "protocol": "trojan",
        "settings": {
            "servers": [
                {
                    "address": "nbaqz0vlmeo0k3d-hk.fcnode.net",
                    "password": "658d01b4-d4ab-44e3-bb4c-0189efcbfaa7",
                    "port": 53508
                }
            ]
        },
        "streamSettings": {
            "network": "tcp",
            "security": "tls",
            "tlsSettings": {
                "serverName": "nbaqz0vlmeo0k3d-ar.fcnode.net",
                "allowInsecure": true
            }
        }
    },
    {
        "tag": "HK-09",
        "protocol": "trojan",
        "settings": {
            "servers": [
                {
                    "address": "nbaqz0vlmeo0k3d-hk.fcnode.net",
                    "password": "658d01b4-d4ab-44e3-bb4c-0189efcbfaa7",
                    "port": 53509
                }
            ]
        },
        "streamSettings": {
            "network": "tcp",
            "security": "tls",
            "tlsSettings": {
                "serverName": "nbaqz0vlmeo0k3d-ar.fcnode.net",
                "allowInsecure": true
            }
        }
    },
    {
        "tag": "HK-10",
        "protocol": "trojan",
        "settings": {
            "servers": [
                {
                    "address": "nbaqz0vlmeo0k3d-hk.fcnode.net",
                    "password": "658d01b4-d4ab-44e3-bb4c-0189efcbfaa7",
                    "port": 53510
                }
            ]
        },
        "streamSettings": {
            "network": "tcp",
            "security": "tls",
            "tlsSettings": {
                "serverName": "nbaqz0vlmeo0k3d-ar.fcnode.net",
                "allowInsecure": true
            }
        }
    },
    {
        "tag": "HK-11",
        "protocol": "trojan",
        "settings": {
            "servers": [
                {
                    "address": "nbaqz0vlmeo0k3d-hk.fcnode.net",
                    "password": "658d01b4-d4ab-44e3-bb4c-0189efcbfaa7",
                    "port": 53511
                }
            ]
        },
        "streamSettings": {
            "network": "tcp",
            "security": "tls",
            "tlsSettings": {
                "serverName": "nbaqz0vlmeo0k3d-ar.fcnode.net",
                "allowInsecure": true
            }
        }
    },
    {
        "tag": "HK-12",
        "protocol": "trojan",
        "settings": {
            "servers": [
                {
                    "address": "nbaqz0vlmeo0k3d-hk.fcnode.net",
                    "password": "658d01b4-d4ab-44e3-bb4c-0189efcbfaa7",
                    "port": 53512
                }
            ]
        },
        "streamSettings": {
            "network": "tcp",
            "security": "tls",
            "tlsSettings": {
                "serverName": "nbaqz0vlmeo0k3d-ar.fcnode.net",
                "allowInsecure": true
            }
        }
    },
    {
        "tag": "HK-13",
        "protocol": "trojan",
        "settings": {
            "servers": [
                {
                    "address": "nbaqz0vlmeo0k3d-hk.fcnode.net",
                    "password": "658d01b4-d4ab-44e3-bb4c-0189efcbfaa7",
                    "port": 53513
                }
            ]
        },
        "streamSettings": {
            "network": "tcp",
            "security": "tls",
            "tlsSettings": {
                "serverName": "nbaqz0vlmeo0k3d-ar.fcnode.net",
                "allowInsecure": true
            }
        }
    },
    {
        "tag": "HK-14",
        "protocol": "trojan",
        "settings": {
            "servers": [
                {
                    "address": "nbaqz0vlmeo0k3d-hk.fcnode.net",
                    "password": "658d01b4-d4ab-44e3-bb4c-0189efcbfaa7",
                    "port": 53514
                }
            ]
        },
        "streamSettings": {
            "network": "tcp",
            "security": "tls",
            "tlsSettings": {
                "serverName": "nbaqz0vlmeo0k3d-ar.fcnode.net",
                "allowInsecure": true
            }
        }
    },
    {
        "tag": "HK-15",
        "protocol": "trojan",
        "settings": {
            "servers": [
                {
                    "address": "nbaqz0vlmeo0k3d-hk.fcnode.net",
                    "password": "658d01b4-d4ab-44e3-bb4c-0189efcbfaa7",
                    "port": 53515
                }
            ]
        },
        "streamSettings": {
            "network": "tcp",
            "security": "tls",
            "tlsSettings": {
                "serverName": "nbaqz0vlmeo0k3d-ar.fcnode.net",
                "allowInsecure": true
            }
        }
    },
    {
        "tag": "HK-16",
        "protocol": "trojan",
        "settings": {
            "servers": [
                {
                    "address": "nbaqz0vlmeo0k3d-hk.fcnode.net",
                    "password": "658d01b4-d4ab-44e3-bb4c-0189efcbfaa7",
                    "port": 53516
                }
            ]
        },
        "streamSettings": {
            "network": "tcp",
            "security": "tls",
            "tlsSettings": {
                "serverName": "nbaqz0vlmeo0k3d-ar.fcnode.net",
                "allowInsecure": true
            }
        }
    },
    {
        "tag": "HK-17",
        "protocol": "trojan",
        "settings": {
            "servers": [
                {
                    "address": "nbaqz0vlmeo0k3d-hk.fcnode.net",
                    "password": "658d01b4-d4ab-44e3-bb4c-0189efcbfaa7",
                    "port": 53517
                }
            ]
        },
        "streamSettings": {
            "network": "tcp",
            "security": "tls",
            "tlsSettings": {
                "serverName": "nbaqz0vlmeo0k3d-ar.fcnode.net",
                "allowInsecure": true
            }
        }
    },
    {
        "tag": "HK-18",
        "protocol": "trojan",
        "settings": {
            "servers": [
                {
                    "address": "nbaqz0vlmeo0k3d-hk.fcnode.net",
                    "password": "658d01b4-d4ab-44e3-bb4c-0189efcbfaa7",
                    "port": 53518
                }
            ]
        },
        "streamSettings": {
            "network": "tcp",
            "security": "tls",
            "tlsSettings": {
                "serverName": "nbaqz0vlmeo0k3d-ar.fcnode.net",
                "allowInsecure": true
            }
        }
    },
    {
        "tag": "HK-19",
        "protocol": "trojan",
        "settings": {
            "servers": [
                {
                    "address": "nbaqz0vlmeo0k3d-hk.fcnode.net",
                    "password": "658d01b4-d4ab-44e3-bb4c-0189efcbfaa7",
                    "port": 53519
                }
            ]
        },
        "streamSettings": {
            "network": "tcp",
            "security": "tls",
            "tlsSettings": {
                "serverName": "nbaqz0vlmeo0k3d-ar.fcnode.net",
                "allowInsecure": true
            }
        }
    },
    {
        "tag": "HK-20",
        "protocol": "trojan",
        "settings": {
            "servers": [
                {
                    "address": "nbaqz0vlmeo0k3d-hk.fcnode.net",
                    "password": "658d01b4-d4ab-44e3-bb4c-0189efcbfaa7",
                    "port": 53520
                }
            ]
        },
        "streamSettings": {
            "network": "tcp",
            "security": "tls",
            "tlsSettings": {
                "serverName": "nbaqz0vlmeo0k3d-ar.fcnode.net",
                "allowInsecure": true
            }
        }
    },
    {
        "tag": "TW-01",
        "protocol": "trojan",
        "settings": {
            "servers": [
                {
                    "address": "nbaqz0vlmeo0k3d-tw.fcnode.net",
                    "password": "658d01b4-d4ab-44e3-bb4c-0189efcbfaa7",
                    "port": 53521
                }
            ]
        },
        "streamSettings": {
            "network": "tcp",
            "security": "tls",
            "tlsSettings": {
                "serverName": "nbaqz0vlmeo0k3d-ar.fcnode.net",
                "allowInsecure": true
            }
        }
    },
    {
        "tag": "TW-02",
        "protocol": "trojan",
        "settings": {
            "servers": [
                {
                    "address": "nbaqz0vlmeo0k3d-tw.fcnode.net",
                    "password": "658d01b4-d4ab-44e3-bb4c-0189efcbfaa7",
                    "port": 53522
                }
            ]
        },
        "streamSettings": {
            "network": "tcp",
            "security": "tls",
            "tlsSettings": {
                "serverName": "nbaqz0vlmeo0k3d-ar.fcnode.net",
                "allowInsecure": true
            }
        }
    },
    {
        "tag": "TW-03",
        "protocol": "trojan",
        "settings": {
            "servers": [
                {
                    "address": "nbaqz0vlmeo0k3d-tw.fcnode.net",
                    "password": "658d01b4-d4ab-44e3-bb4c-0189efcbfaa7",
                    "port": 53523
                }
            ]
        },
        "streamSettings": {
            "network": "tcp",
            "security": "tls",
            "tlsSettings": {
                "serverName": "nbaqz0vlmeo0k3d-ar.fcnode.net",
                "allowInsecure": true
            }
        }
    },
    {
        "tag": "TW-04",
        "protocol": "trojan",
        "settings": {
            "servers": [
                {
                    "address": "nbaqz0vlmeo0k3d-tw.fcnode.net",
                    "password": "658d01b4-d4ab-44e3-bb4c-0189efcbfaa7",
                    "port": 53524
                }
            ]
        },
        "streamSettings": {
            "network": "tcp",
            "security": "tls",
            "tlsSettings": {
                "serverName": "nbaqz0vlmeo0k3d-ar.fcnode.net",
                "allowInsecure": true
            }
        }
    },
    {
        "tag": "TW-05",
        "protocol": "trojan",
        "settings": {
            "servers": [
                {
                    "address": "nbaqz0vlmeo0k3d-tw.fcnode.net",
                    "password": "658d01b4-d4ab-44e3-bb4c-0189efcbfaa7",
                    "port": 53525
                }
            ]
        },
        "streamSettings": {
            "network": "tcp",
            "security": "tls",
            "tlsSettings": {
                "serverName": "nbaqz0vlmeo0k3d-ar.fcnode.net",
                "allowInsecure": true
            }
        }
    },
    {
        "tag": "TW-06",
        "protocol": "trojan",
        "settings": {
            "servers": [
                {
                    "address": "nbaqz0vlmeo0k3d-tw.fcnode.net",
                    "password": "658d01b4-d4ab-44e3-bb4c-0189efcbfaa7",
                    "port": 53526
                }
            ]
        },
        "streamSettings": {
            "network": "tcp",
            "security": "tls",
            "tlsSettings": {
                "serverName": "nbaqz0vlmeo0k3d-ar.fcnode.net",
                "allowInsecure": true
            }
        }
    },
    {
        "tag": "TW-07",
        "protocol": "trojan",
        "settings": {
            "servers": [
                {
                    "address": "nbaqz0vlmeo0k3d-tw.fcnode.net",
                    "password": "658d01b4-d4ab-44e3-bb4c-0189efcbfaa7",
                    "port": 53527
                }
            ]
        },
        "streamSettings": {
            "network": "tcp",
            "security": "tls",
            "tlsSettings": {
                "serverName": "nbaqz0vlmeo0k3d-ar.fcnode.net",
                "allowInsecure": true
            }
        }
    },
    {
        "tag": "TW-08",
        "protocol": "trojan",
        "settings": {
            "servers": [
                {
                    "address": "nbaqz0vlmeo0k3d-tw.fcnode.net",
                    "password": "658d01b4-d4ab-44e3-bb4c-0189efcbfaa7",
                    "port": 53528
                }
            ]
        },
        "streamSettings": {
            "network": "tcp",
            "security": "tls",
            "tlsSettings": {
                "serverName": "nbaqz0vlmeo0k3d-ar.fcnode.net",
                "allowInsecure": true
            }
        }
    },
    {
        "tag": "TW-09",
        "protocol": "trojan",
        "settings": {
            "servers": [
                {
                    "address": "nbaqz0vlmeo0k3d-tw.fcnode.net",
                    "password": "658d01b4-d4ab-44e3-bb4c-0189efcbfaa7",
                    "port": 53529
                }
            ]
        },
        "streamSettings": {
            "network": "tcp",
            "security": "tls",
            "tlsSettings": {
                "serverName": "nbaqz0vlmeo0k3d-ar.fcnode.net",
                "allowInsecure": true
            }
        }
    },
    {
        "tag": "TW-10",
        "protocol": "trojan",
        "settings": {
            "servers": [
                {
                    "address": "nbaqz0vlmeo0k3d-tw.fcnode.net",
                    "password": "658d01b4-d4ab-44e3-bb4c-0189efcbfaa7",
                    "port": 53530
                }
            ]
        },
        "streamSettings": {
            "network": "tcp",
            "security": "tls",
            "tlsSettings": {
                "serverName": "nbaqz0vlmeo0k3d-ar.fcnode.net",
                "allowInsecure": true
            }
        }
    },
    {
        "tag": "SG-01",
        "protocol": "trojan",
        "settings": {
            "servers": [
                {
                    "address": "nbaqz0vlmeo0k3d-sg.fcnode.net",
                    "password": "658d01b4-d4ab-44e3-bb4c-0189efcbfaa7",
                    "port": 53531
                }
            ]
        },
        "streamSettings": {
            "network": "tcp",
            "security": "tls",
            "tlsSettings": {
                "serverName": "nbaqz0vlmeo0k3d-ar.fcnode.net",
                "allowInsecure": true
            }
        }
    },
    {
        "tag": "SG-02",
        "protocol": "trojan",
        "settings": {
            "servers": [
                {
                    "address": "nbaqz0vlmeo0k3d-sg.fcnode.net",
                    "password": "658d01b4-d4ab-44e3-bb4c-0189efcbfaa7",
                    "port": 53532
                }
            ]
        },
        "streamSettings": {
            "network": "tcp",
            "security": "tls",
            "tlsSettings": {
                "serverName": "nbaqz0vlmeo0k3d-ar.fcnode.net",
                "allowInsecure": true
            }
        }
    },
    {
        "tag": "SG-03",
        "protocol": "trojan",
        "settings": {
            "servers": [
                {
                    "address": "nbaqz0vlmeo0k3d-sg.fcnode.net",
                    "password": "658d01b4-d4ab-44e3-bb4c-0189efcbfaa7",
                    "port": 53533
                }
            ]
        },
        "streamSettings": {
            "network": "tcp",
            "security": "tls",
            "tlsSettings": {
                "serverName": "nbaqz0vlmeo0k3d-ar.fcnode.net",
                "allowInsecure": true
            }
        }
    },
    {
        "tag": "SG-04",
        "protocol": "trojan",
        "settings": {
            "servers": [
                {
                    "address": "nbaqz0vlmeo0k3d-sg.fcnode.net",
                    "password": "658d01b4-d4ab-44e3-bb4c-0189efcbfaa7",
                    "port": 53534
                }
            ]
        },
        "streamSettings": {
            "network": "tcp",
            "security": "tls",
            "tlsSettings": {
                "serverName": "nbaqz0vlmeo0k3d-ar.fcnode.net",
                "allowInsecure": true
            }
        }
    },
    {
        "tag": "SG-05",
        "protocol": "trojan",
        "settings": {
            "servers": [
                {
                    "address": "nbaqz0vlmeo0k3d-sg.fcnode.net",
                    "password": "658d01b4-d4ab-44e3-bb4c-0189efcbfaa7",
                    "port": 53535
                }
            ]
        },
        "streamSettings": {
            "network": "tcp",
            "security": "tls",
            "tlsSettings": {
                "serverName": "nbaqz0vlmeo0k3d-ar.fcnode.net",
                "allowInsecure": true
            }
        }
    },
    {
        "tag": "SG-06",
        "protocol": "trojan",
        "settings": {
            "servers": [
                {
                    "address": "nbaqz0vlmeo0k3d-sg.fcnode.net",
                    "password": "658d01b4-d4ab-44e3-bb4c-0189efcbfaa7",
                    "port": 53536
                }
            ]
        },
        "streamSettings": {
            "network": "tcp",
            "security": "tls",
            "tlsSettings": {
                "serverName": "nbaqz0vlmeo0k3d-ar.fcnode.net",
                "allowInsecure": true
            }
        }
    },
    {
        "tag": "SG-07",
        "protocol": "trojan",
        "settings": {
            "servers": [
                {
                    "address": "nbaqz0vlmeo0k3d-sg.fcnode.net",
                    "password": "658d01b4-d4ab-44e3-bb4c-0189efcbfaa7",
                    "port": 53537
                }
            ]
        },
        "streamSettings": {
            "network": "tcp",
            "security": "tls",
            "tlsSettings": {
                "serverName": "nbaqz0vlmeo0k3d-ar.fcnode.net",
                "allowInsecure": true
            }
        }
    },
    {
        "tag": "SG-08",
        "protocol": "trojan",
        "settings": {
            "servers": [
                {
                    "address": "nbaqz0vlmeo0k3d-sg.fcnode.net",
                    "password": "658d01b4-d4ab-44e3-bb4c-0189efcbfaa7",
                    "port": 53538
                }
            ]
        },
        "streamSettings": {
            "network": "tcp",
            "security": "tls",
            "tlsSettings": {
                "serverName": "nbaqz0vlmeo0k3d-ar.fcnode.net",
                "allowInsecure": true
            }
        }
    },
    {
        "tag": "SG-09",
        "protocol": "trojan",
        "settings": {
            "servers": [
                {
                    "address": "nbaqz0vlmeo0k3d-sg.fcnode.net",
                    "password": "658d01b4-d4ab-44e3-bb4c-0189efcbfaa7",
                    "port": 53539
                }
            ]
        },
        "streamSettings": {
            "network": "tcp",
            "security": "tls",
            "tlsSettings": {
                "serverName": "nbaqz0vlmeo0k3d-ar.fcnode.net",
                "allowInsecure": true
            }
        }
    },
    {
        "tag": "SG-10",
        "protocol": "trojan",
        "settings": {
            "servers": [
                {
                    "address": "nbaqz0vlmeo0k3d-sg.fcnode.net",
                    "password": "658d01b4-d4ab-44e3-bb4c-0189efcbfaa7",
                    "port": 53540
                }
            ]
        },
        "streamSettings": {
            "network": "tcp",
            "security": "tls",
            "tlsSettings": {
                "serverName": "nbaqz0vlmeo0k3d-ar.fcnode.net",
                "allowInsecure": true
            }
        }
    },
    {
        "tag": "JP-01",
        "protocol": "trojan",
        "settings": {
            "servers": [
                {
                    "address": "nbaqz0vlmeo0k3d-jp.fcnode.net",
                    "password": "658d01b4-d4ab-44e3-bb4c-0189efcbfaa7",
                    "port": 53541
                }
            ]
        },
        "streamSettings": {
            "network": "tcp",
            "security": "tls",
            "tlsSettings": {
                "serverName": "nbaqz0vlmeo0k3d-ar.fcnode.net",
                "allowInsecure": true
            }
        }
    },
    {
        "tag": "JP-02",
        "protocol": "trojan",
        "settings": {
            "servers": [
                {
                    "address": "nbaqz0vlmeo0k3d-jp.fcnode.net",
                    "password": "658d01b4-d4ab-44e3-bb4c-0189efcbfaa7",
                    "port": 53542
                }
            ]
        },
        "streamSettings": {
            "network": "tcp",
            "security": "tls",
            "tlsSettings": {
                "serverName": "nbaqz0vlmeo0k3d-ar.fcnode.net",
                "allowInsecure": true
            }
        }
    },
    {
        "tag": "JP-03",
        "protocol": "trojan",
        "settings": {
            "servers": [
                {
                    "address": "nbaqz0vlmeo0k3d-jp.fcnode.net",
                    "password": "658d01b4-d4ab-44e3-bb4c-0189efcbfaa7",
                    "port": 53543
                }
            ]
        },
        "streamSettings": {
            "network": "tcp",
            "security": "tls",
            "tlsSettings": {
                "serverName": "nbaqz0vlmeo0k3d-ar.fcnode.net",
                "allowInsecure": true
            }
        }
    },
    {
        "tag": "JP-04",
        "protocol": "trojan",
        "settings": {
            "servers": [
                {
                    "address": "nbaqz0vlmeo0k3d-jp.fcnode.net",
                    "password": "658d01b4-d4ab-44e3-bb4c-0189efcbfaa7",
                    "port": 53544
                }
            ]
        },
        "streamSettings": {
            "network": "tcp",
            "security": "tls",
            "tlsSettings": {
                "serverName": "nbaqz0vlmeo0k3d-ar.fcnode.net",
                "allowInsecure": true
            }
        }
    },
    {
        "tag": "JP-05",
        "protocol": "trojan",
        "settings": {
            "servers": [
                {
                    "address": "nbaqz0vlmeo0k3d-jp.fcnode.net",
                    "password": "658d01b4-d4ab-44e3-bb4c-0189efcbfaa7",
                    "port": 53545
                }
            ]
        },
        "streamSettings": {
            "network": "tcp",
            "security": "tls",
            "tlsSettings": {
                "serverName": "nbaqz0vlmeo0k3d-ar.fcnode.net",
                "allowInsecure": true
            }
        }
    },
    {
        "tag": "JP-06",
        "protocol": "trojan",
        "settings": {
            "servers": [
                {
                    "address": "nbaqz0vlmeo0k3d-jp.fcnode.net",
                    "password": "658d01b4-d4ab-44e3-bb4c-0189efcbfaa7",
                    "port": 53546
                }
            ]
        },
        "streamSettings": {
            "network": "tcp",
            "security": "tls",
            "tlsSettings": {
                "serverName": "nbaqz0vlmeo0k3d-ar.fcnode.net",
                "allowInsecure": true
            }
        }
    },
    {
        "tag": "JP-07",
        "protocol": "trojan",
        "settings": {
            "servers": [
                {
                    "address": "nbaqz0vlmeo0k3d-jp.fcnode.net",
                    "password": "658d01b4-d4ab-44e3-bb4c-0189efcbfaa7",
                    "port": 53547
                }
            ]
        },
        "streamSettings": {
            "network": "tcp",
            "security": "tls",
            "tlsSettings": {
                "serverName": "nbaqz0vlmeo0k3d-ar.fcnode.net",
                "allowInsecure": true
            }
        }
    },
    {
        "tag": "JP-08",
        "protocol": "trojan",
        "settings": {
            "servers": [
                {
                    "address": "nbaqz0vlmeo0k3d-jp.fcnode.net",
                    "password": "658d01b4-d4ab-44e3-bb4c-0189efcbfaa7",
                    "port": 53548
                }
            ]
        },
        "streamSettings": {
            "network": "tcp",
            "security": "tls",
            "tlsSettings": {
                "serverName": "nbaqz0vlmeo0k3d-ar.fcnode.net",
                "allowInsecure": true
            }
        }
    },
    {
        "tag": "JP-09",
        "protocol": "trojan",
        "settings": {
            "servers": [
                {
                    "address": "nbaqz0vlmeo0k3d-jp.fcnode.net",
                    "password": "658d01b4-d4ab-44e3-bb4c-0189efcbfaa7",
                    "port": 53549
                }
            ]
        },
        "streamSettings": {
            "network": "tcp",
            "security": "tls",
            "tlsSettings": {
                "serverName": "nbaqz0vlmeo0k3d-ar.fcnode.net",
                "allowInsecure": true
            }
        }
    },
    {
        "tag": "JP-10",
        "protocol": "trojan",
        "settings": {
            "servers": [
                {
                    "address": "nbaqz0vlmeo0k3d-jp.fcnode.net",
                    "password": "658d01b4-d4ab-44e3-bb4c-0189efcbfaa7",
                    "port": 53550
                }
            ]
        },
        "streamSettings": {
            "network": "tcp",
            "security": "tls",
            "tlsSettings": {
                "serverName": "nbaqz0vlmeo0k3d-ar.fcnode.net",
                "allowInsecure": true
            }
        }
    },
    {
        "tag": "US-01",
        "protocol": "trojan",
        "settings": {
            "servers": [
                {
                    "address": "nbaqz0vlmeo0k3d-us.fcnode.net",
                    "password": "658d01b4-d4ab-44e3-bb4c-0189efcbfaa7",
                    "port": 53551
                }
            ]
        },
        "streamSettings": {
            "network": "tcp",
            "security": "tls",
            "tlsSettings": {
                "serverName": "nbaqz0vlmeo0k3d-ar.fcnode.net",
                "allowInsecure": true
            }
        }
    },
    {
        "tag": "US-02",
        "protocol": "trojan",
        "settings": {
            "servers": [
                {
                    "address": "nbaqz0vlmeo0k3d-us.fcnode.net",
                    "password": "658d01b4-d4ab-44e3-bb4c-0189efcbfaa7",
                    "port": 53552
                }
            ]
        },
        "streamSettings": {
            "network": "tcp",
            "security": "tls",
            "tlsSettings": {
                "serverName": "nbaqz0vlmeo0k3d-ar.fcnode.net",
                "allowInsecure": true
            }
        }
    },
    {
        "tag": "US-03",
        "protocol": "trojan",
        "settings": {
            "servers": [
                {
                    "address": "nbaqz0vlmeo0k3d-us.fcnode.net",
                    "password": "658d01b4-d4ab-44e3-bb4c-0189efcbfaa7",
                    "port": 53553
                }
            ]
        },
        "streamSettings": {
            "network": "tcp",
            "security": "tls",
            "tlsSettings": {
                "serverName": "nbaqz0vlmeo0k3d-ar.fcnode.net",
                "allowInsecure": true
            }
        }
    },
    {
        "tag": "US-04",
        "protocol": "trojan",
        "settings": {
            "servers": [
                {
                    "address": "nbaqz0vlmeo0k3d-us.fcnode.net",
                    "password": "658d01b4-d4ab-44e3-bb4c-0189efcbfaa7",
                    "port": 53554
                }
            ]
        },
        "streamSettings": {
            "network": "tcp",
            "security": "tls",
            "tlsSettings": {
                "serverName": "nbaqz0vlmeo0k3d-ar.fcnode.net",
                "allowInsecure": true
            }
        }
    },
    {
        "tag": "US-05",
        "protocol": "trojan",
        "settings": {
            "servers": [
                {
                    "address": "nbaqz0vlmeo0k3d-us.fcnode.net",
                    "password": "658d01b4-d4ab-44e3-bb4c-0189efcbfaa7",
                    "port": 53555
                }
            ]
        },
        "streamSettings": {
            "network": "tcp",
            "security": "tls",
            "tlsSettings": {
                "serverName": "nbaqz0vlmeo0k3d-ar.fcnode.net",
                "allowInsecure": true
            }
        }
    },
    {
        "tag": "US-06",
        "protocol": "trojan",
        "settings": {
            "servers": [
                {
                    "address": "nbaqz0vlmeo0k3d-us.fcnode.net",
                    "password": "658d01b4-d4ab-44e3-bb4c-0189efcbfaa7",
                    "port": 53556
                }
            ]
        },
        "streamSettings": {
            "network": "tcp",
            "security": "tls",
            "tlsSettings": {
                "serverName": "nbaqz0vlmeo0k3d-ar.fcnode.net",
                "allowInsecure": true
            }
        }
    },
    {
        "tag": "US-07",
        "protocol": "trojan",
        "settings": {
            "servers": [
                {
                    "address": "nbaqz0vlmeo0k3d-us.fcnode.net",
                    "password": "658d01b4-d4ab-44e3-bb4c-0189efcbfaa7",
                    "port": 53557
                }
            ]
        },
        "streamSettings": {
            "network": "tcp",
            "security": "tls",
            "tlsSettings": {
                "serverName": "nbaqz0vlmeo0k3d-ar.fcnode.net",
                "allowInsecure": true
            }
        }
    },
    {
        "tag": "US-08",
        "protocol": "trojan",
        "settings": {
            "servers": [
                {
                    "address": "nbaqz0vlmeo0k3d-us.fcnode.net",
                    "password": "658d01b4-d4ab-44e3-bb4c-0189efcbfaa7",
                    "port": 53558
                }
            ]
        },
        "streamSettings": {
            "network": "tcp",
            "security": "tls",
            "tlsSettings": {
                "serverName": "nbaqz0vlmeo0k3d-ar.fcnode.net",
                "allowInsecure": true
            }
        }
    },
    {
        "tag": "US-09",
        "protocol": "trojan",
        "settings": {
            "servers": [
                {
                    "address": "nbaqz0vlmeo0k3d-us.fcnode.net",
                    "password": "658d01b4-d4ab-44e3-bb4c-0189efcbfaa7",
                    "port": 53559
                }
            ]
        },
        "streamSettings": {
            "network": "tcp",
            "security": "tls",
            "tlsSettings": {
                "serverName": "nbaqz0vlmeo0k3d-ar.fcnode.net",
                "allowInsecure": true
            }
        }
    },
    {
        "tag": "US-10",
        "protocol": "trojan",
        "settings": {
            "servers": [
                {
                    "address": "nbaqz0vlmeo0k3d-us.fcnode.net",
                    "password": "658d01b4-d4ab-44e3-bb4c-0189efcbfaa7",
                    "port": 53560
                }
            ]
        },
        "streamSettings": {
            "network": "tcp",
            "security": "tls",
            "tlsSettings": {
                "serverName": "nbaqz0vlmeo0k3d-ar.fcnode.net",
                "allowInsecure": true
            }
        }
    },
    {
        "tag": "KR-01",
        "protocol": "trojan",
        "settings": {
            "servers": [
                {
                    "address": "nbaqz0vlmeo0k3d-kr.fcnode.net",
                    "password": "658d01b4-d4ab-44e3-bb4c-0189efcbfaa7",
                    "port": 53561
                }
            ]
        },
        "streamSettings": {
            "network": "tcp",
            "security": "tls",
            "tlsSettings": {
                "serverName": "nbaqz0vlmeo0k3d-ar.fcnode.net",
                "allowInsecure": true
            }
        }
    },
    {
        "tag": "KR-02",
        "protocol": "trojan",
        "settings": {
            "servers": [
                {
                    "address": "nbaqz0vlmeo0k3d-kr.fcnode.net",
                    "password": "658d01b4-d4ab-44e3-bb4c-0189efcbfaa7",
                    "port": 53562
                }
            ]
        },
        "streamSettings": {
            "network": "tcp",
            "security": "tls",
            "tlsSettings": {
                "serverName": "nbaqz0vlmeo0k3d-ar.fcnode.net",
                "allowInsecure": true
            }
        }
    },
    {
        "tag": "MY-01",
        "protocol": "trojan",
        "settings": {
            "servers": [
                {
                    "address": "nbaqz0vlmeo0k3d-my.fcnode.net",
                    "password": "658d01b4-d4ab-44e3-bb4c-0189efcbfaa7",
                    "port": 53563
                }
            ]
        },
        "streamSettings": {
            "network": "tcp",
            "security": "tls",
            "tlsSettings": {
                "serverName": "nbaqz0vlmeo0k3d-ar.fcnode.net",
                "allowInsecure": true
            }
        }
    },
    {
        "tag": "MY-02",
        "protocol": "trojan",
        "settings": {
            "servers": [
                {
                    "address": "nbaqz0vlmeo0k3d-my.fcnode.net",
                    "password": "658d01b4-d4ab-44e3-bb4c-0189efcbfaa7",
                    "port": 53564
                }
            ]
        },
        "streamSettings": {
            "network": "tcp",
            "security": "tls",
            "tlsSettings": {
                "serverName": "nbaqz0vlmeo0k3d-ar.fcnode.net",
                "allowInsecure": true
            }
        }
    },
    {
        "tag": "TH-01",
        "protocol": "trojan",
        "settings": {
            "servers": [
                {
                    "address": "nbaqz0vlmeo0k3d-th.fcnode.net",
                    "password": "658d01b4-d4ab-44e3-bb4c-0189efcbfaa7",
                    "port": 53565
                }
            ]
        },
        "streamSettings": {
            "network": "tcp",
            "security": "tls",
            "tlsSettings": {
                "serverName": "nbaqz0vlmeo0k3d-ar.fcnode.net",
                "allowInsecure": true
            }
        }
    },
    {
        "tag": "TH-02",
        "protocol": "trojan",
        "settings": {
            "servers": [
                {
                    "address": "nbaqz0vlmeo0k3d-th.fcnode.net",
                    "password": "658d01b4-d4ab-44e3-bb4c-0189efcbfaa7",
                    "port": 53566
                }
            ]
        },
        "streamSettings": {
            "network": "tcp",
            "security": "tls",
            "tlsSettings": {
                "serverName": "nbaqz0vlmeo0k3d-ar.fcnode.net",
                "allowInsecure": true
            }
        }
    },
    {
        "tag": "PH-01",
        "protocol": "trojan",
        "settings": {
            "servers": [
                {
                    "address": "nbaqz0vlmeo0k3d-ph.fcnode.net",
                    "password": "658d01b4-d4ab-44e3-bb4c-0189efcbfaa7",
                    "port": 53567
                }
            ]
        },
        "streamSettings": {
            "network": "tcp",
            "security": "tls",
            "tlsSettings": {
                "serverName": "nbaqz0vlmeo0k3d-ar.fcnode.net",
                "allowInsecure": true
            }
        }
    },
    {
        "tag": "PH-02",
        "protocol": "trojan",
        "settings": {
            "servers": [
                {
                    "address": "nbaqz0vlmeo0k3d-ph.fcnode.net",
                    "password": "658d01b4-d4ab-44e3-bb4c-0189efcbfaa7",
                    "port": 53568
                }
            ]
        },
        "streamSettings": {
            "network": "tcp",
            "security": "tls",
            "tlsSettings": {
                "serverName": "nbaqz0vlmeo0k3d-ar.fcnode.net",
                "allowInsecure": true
            }
        }
    },
    {
        "tag": "VN-01",
        "protocol": "trojan",
        "settings": {
            "servers": [
                {
                    "address": "nbaqz0vlmeo0k3d-vn.fcnode.net",
                    "password": "658d01b4-d4ab-44e3-bb4c-0189efcbfaa7",
                    "port": 53569
                }
            ]
        },
        "streamSettings": {
            "network": "tcp",
            "security": "tls",
            "tlsSettings": {
                "serverName": "nbaqz0vlmeo0k3d-ar.fcnode.net",
                "allowInsecure": true
            }
        }
    },
    {
        "tag": "VN-02",
        "protocol": "trojan",
        "settings": {
            "servers": [
                {
                    "address": "nbaqz0vlmeo0k3d-vn.fcnode.net",
                    "password": "658d01b4-d4ab-44e3-bb4c-0189efcbfaa7",
                    "port": 53570
                }
            ]
        },
        "streamSettings": {
            "network": "tcp",
            "security": "tls",
            "tlsSettings": {
                "serverName": "nbaqz0vlmeo0k3d-ar.fcnode.net",
                "allowInsecure": true
            }
        }
    },
    {
        "tag": "ID-01",
        "protocol": "trojan",
        "settings": {
            "servers": [
                {
                    "address": "nbaqz0vlmeo0k3d-id.fcnode.net",
                    "password": "658d01b4-d4ab-44e3-bb4c-0189efcbfaa7",
                    "port": 53571
                }
            ]
        },
        "streamSettings": {
            "network": "tcp",
            "security": "tls",
            "tlsSettings": {
                "serverName": "nbaqz0vlmeo0k3d-ar.fcnode.net",
                "allowInsecure": true
            }
        }
    },
    {
        "tag": "ID-02",
        "protocol": "trojan",
        "settings": {
            "servers": [
                {
                    "address": "nbaqz0vlmeo0k3d-id.fcnode.net",
                    "password": "658d01b4-d4ab-44e3-bb4c-0189efcbfaa7",
                    "port": 53572
                }
            ]
        },
        "streamSettings": {
            "network": "tcp",
            "security": "tls",
            "tlsSettings": {
                "serverName": "nbaqz0vlmeo0k3d-ar.fcnode.net",
                "allowInsecure": true
            }
        }
    },
    {
        "tag": "UK-01",
        "protocol": "trojan",
        "settings": {
            "servers": [
                {
                    "address": "nbaqz0vlmeo0k3d-uk.fcnode.net",
                    "password": "658d01b4-d4ab-44e3-bb4c-0189efcbfaa7",
                    "port": 53573
                }
            ]
        },
        "streamSettings": {
            "network": "tcp",
            "security": "tls",
            "tlsSettings": {
                "serverName": "nbaqz0vlmeo0k3d-ar.fcnode.net",
                "allowInsecure": true
            }
        }
    },
    {
        "tag": "UK-02",
        "protocol": "trojan",
        "settings": {
            "servers": [
                {
                    "address": "nbaqz0vlmeo0k3d-uk.fcnode.net",
                    "password": "658d01b4-d4ab-44e3-bb4c-0189efcbfaa7",
                    "port": 53574
                }
            ]
        },
        "streamSettings": {
            "network": "tcp",
            "security": "tls",
            "tlsSettings": {
                "serverName": "nbaqz0vlmeo0k3d-ar.fcnode.net",
                "allowInsecure": true
            }
        }
    },
    {
        "tag": "DE-01",
        "protocol": "trojan",
        "settings": {
            "servers": [
                {
                    "address": "nbaqz0vlmeo0k3d-de.fcnode.net",
                    "password": "658d01b4-d4ab-44e3-bb4c-0189efcbfaa7",
                    "port": 53575
                }
            ]
        },
        "streamSettings": {
            "network": "tcp",
            "security": "tls",
            "tlsSettings": {
                "serverName": "nbaqz0vlmeo0k3d-ar.fcnode.net",
                "allowInsecure": true
            }
        }
    },
    {
        "tag": "DE-02",
        "protocol": "trojan",
        "settings": {
            "servers": [
                {
                    "address": "nbaqz0vlmeo0k3d-de.fcnode.net",
                    "password": "658d01b4-d4ab-44e3-bb4c-0189efcbfaa7",
                    "port": 53576
                }
            ]
        },
        "streamSettings": {
            "network": "tcp",
            "security": "tls",
            "tlsSettings": {
                "serverName": "nbaqz0vlmeo0k3d-ar.fcnode.net",
                "allowInsecure": true
            }
        }
    },
    {
        "tag": "FR-01",
        "protocol": "trojan",
        "settings": {
            "servers": [
                {
                    "address": "nbaqz0vlmeo0k3d-fr.fcnode.net",
                    "password": "658d01b4-d4ab-44e3-bb4c-0189efcbfaa7",
                    "port": 53577
                }
            ]
        },
        "streamSettings": {
            "network": "tcp",
            "security": "tls",
            "tlsSettings": {
                "serverName": "nbaqz0vlmeo0k3d-ar.fcnode.net",
                "allowInsecure": true
            }
        }
    },
    {
        "tag": "FR-02",
        "protocol": "trojan",
        "settings": {
            "servers": [
                {
                    "address": "nbaqz0vlmeo0k3d-fr.fcnode.net",
                    "password": "658d01b4-d4ab-44e3-bb4c-0189efcbfaa7",
                    "port": 53578
                }
            ]
        },
        "streamSettings": {
            "network": "tcp",
            "security": "tls",
            "tlsSettings": {
                "serverName": "nbaqz0vlmeo0k3d-ar.fcnode.net",
                "allowInsecure": true
            }
        }
    },
    {
        "tag": "TR-01",
        "protocol": "trojan",
        "settings": {
            "servers": [
                {
                    "address": "nbaqz0vlmeo0k3d-tr.fcnode.net",
                    "password": "658d01b4-d4ab-44e3-bb4c-0189efcbfaa7",
                    "port": 53579
                }
            ]
        },
        "streamSettings": {
            "network": "tcp",
            "security": "tls",
            "tlsSettings": {
                "serverName": "nbaqz0vlmeo0k3d-ar.fcnode.net",
                "allowInsecure": true
            }
        }
    },
    {
        "tag": "TR-02",
        "protocol": "trojan",
        "settings": {
            "servers": [
                {
                    "address": "nbaqz0vlmeo0k3d-tr.fcnode.net",
                    "password": "658d01b4-d4ab-44e3-bb4c-0189efcbfaa7",
                    "port": 53580
                }
            ]
        },
        "streamSettings": {
            "network": "tcp",
            "security": "tls",
            "tlsSettings": {
                "serverName": "nbaqz0vlmeo0k3d-ar.fcnode.net",
                "allowInsecure": true
            }
        }
    },
    {
        "tag": "BR-01",
        "protocol": "trojan",
        "settings": {
            "servers": [
                {
                    "address": "nbaqz0vlmeo0k3d-br.fcnode.net",
                    "password": "658d01b4-d4ab-44e3-bb4c-0189efcbfaa7",
                    "port": 53581
                }
            ]
        },
        "streamSettings": {
            "network": "tcp",
            "security": "tls",
            "tlsSettings": {
                "serverName": "nbaqz0vlmeo0k3d-ar.fcnode.net",
                "allowInsecure": true
            }
        }
    },
    {
        "tag": "BR-02",
        "protocol": "trojan",
        "settings": {
            "servers": [
                {
                    "address": "nbaqz0vlmeo0k3d-br.fcnode.net",
                    "password": "658d01b4-d4ab-44e3-bb4c-0189efcbfaa7",
                    "port": 53582
                }
            ]
        },
        "streamSettings": {
            "network": "tcp",
            "security": "tls",
            "tlsSettings": {
                "serverName": "nbaqz0vlmeo0k3d-ar.fcnode.net",
                "allowInsecure": true
            }
        }
    },
    {
        "tag": "AR-01",
        "protocol": "trojan",
        "settings": {
            "servers": [
                {
                    "address": "nbaqz0vlmeo0k3d-ar.fcnode.net",
                    "password": "658d01b4-d4ab-44e3-bb4c-0189efcbfaa7",
                    "port": 53583
                }
            ]
        },
        "streamSettings": {
            "network": "tcp",
            "security": "tls",
            "tlsSettings": {
                "serverName": "nbaqz0vlmeo0k3d-ar.fcnode.net",
                "allowInsecure": true
            }
        }
    },
    {
        "tag": "AR-02",
        "protocol": "trojan",
        "settings": {
            "servers": [
                {
                    "address": "nbaqz0vlmeo0k3d-ar.fcnode.net",
                    "password": "658d01b4-d4ab-44e3-bb4c-0189efcbfaa7",
                    "port": 53584
                }
            ]
        },
        "streamSettings": {
            "network": "tcp",
            "security": "tls",
            "tlsSettings": {
                "serverName": "nbaqz0vlmeo0k3d-ar.fcnode.net",
                "allowInsecure": true
            }
        }
    },
    {
        "tag": "PRO-HK-01",
        "protocol": "trojan",
        "settings": {
            "servers": [
                {
                    "address": "lmnode-ixd3fh2v5uq1v3z-lmhk.lma1b2.com",
                    "password": "53338ad8-09dc-4674-8d18-f017aa3a96b6",
                    "port": 53401
                }
            ]
        },
        "streamSettings": {
            "network": "tcp",
            "security": "tls",
            "tlsSettings": {
                "serverName": "lmnode-ixd3fh2v5uq1v3z-lmhk.lma1b2.com",
                "allowInsecure": true
            }
        }
    },
    {
        "tag": "PRO-HK-02",
        "protocol": "trojan",
        "settings": {
            "servers": [
                {
                    "address": "lmnode-ixd3fh2v5uq1v3z-lmhk.lma1b2.com",
                    "password": "53338ad8-09dc-4674-8d18-f017aa3a96b6",
                    "port": 53402
                }
            ]
        },
        "streamSettings": {
            "network": "tcp",
            "security": "tls",
            "tlsSettings": {
                "serverName": "lmnode-ixd3fh2v5uq1v3z-lmhk.lma1b2.com",
                "allowInsecure": true
            }
        }
    },
    {
        "tag": "PRO-HK-03",
        "protocol": "trojan",
        "settings": {
            "servers": [
                {
                    "address": "lmnode-ixd3fh2v5uq1v3z-lmhk.lma1b2.com",
                    "password": "53338ad8-09dc-4674-8d18-f017aa3a96b6",
                    "port": 53403
                }
            ]
        },
        "streamSettings": {
            "network": "tcp",
            "security": "tls",
            "tlsSettings": {
                "serverName": "lmnode-ixd3fh2v5uq1v3z-lmhk.lma1b2.com",
                "allowInsecure": true
            }
        }
    },
    {
        "tag": "PRO-HK-04",
        "protocol": "trojan",
        "settings": {
            "servers": [
                {
                    "address": "lmnode-ixd3fh2v5uq1v3z-lmhk.lma1b2.com",
                    "password": "53338ad8-09dc-4674-8d18-f017aa3a96b6",
                    "port": 53404
                }
            ]
        },
        "streamSettings": {
            "network": "tcp",
            "security": "tls",
            "tlsSettings": {
                "serverName": "lmnode-ixd3fh2v5uq1v3z-lmhk.lma1b2.com",
                "allowInsecure": true
            }
        }
    },
    {
        "tag": "PRO-HK-05",
        "protocol": "trojan",
        "settings": {
            "servers": [
                {
                    "address": "lmnode-ixd3fh2v5uq1v3z-lmhk.lma1b2.com",
                    "password": "53338ad8-09dc-4674-8d18-f017aa3a96b6",
                    "port": 53405
                }
            ]
        },
        "streamSettings": {
            "network": "tcp",
            "security": "tls",
            "tlsSettings": {
                "serverName": "lmnode-ixd3fh2v5uq1v3z-lmhk.lma1b2.com",
                "allowInsecure": true
            }
        }
    },
    {
        "tag": "PRO-HK-06",
        "protocol": "trojan",
        "settings": {
            "servers": [
                {
                    "address": "lmnode-ixd3fh2v5uq1v3z-lmhk.lma1b2.com",
                    "password": "53338ad8-09dc-4674-8d18-f017aa3a96b6",
                    "port": 53406
                }
            ]
        },
        "streamSettings": {
            "network": "tcp",
            "security": "tls",
            "tlsSettings": {
                "serverName": "lmnode-ixd3fh2v5uq1v3z-lmhk.lma1b2.com",
                "allowInsecure": true
            }
        }
    },
    {
        "tag": "PRO-HK-07",
        "protocol": "trojan",
        "settings": {
            "servers": [
                {
                    "address": "lmnode-ixd3fh2v5uq1v3z-lmhk.lma1b2.com",
                    "password": "53338ad8-09dc-4674-8d18-f017aa3a96b6",
                    "port": 53407
                }
            ]
        },
        "streamSettings": {
            "network": "tcp",
            "security": "tls",
            "tlsSettings": {
                "serverName": "lmnode-ixd3fh2v5uq1v3z-lmhk.lma1b2.com",
                "allowInsecure": true
            }
        }
    },
    {
        "tag": "PRO-HK-08",
        "protocol": "trojan",
        "settings": {
            "servers": [
                {
                    "address": "lmnode-ixd3fh2v5uq1v3z-lmhk.lma1b2.com",
                    "password": "53338ad8-09dc-4674-8d18-f017aa3a96b6",
                    "port": 53408
                }
            ]
        },
        "streamSettings": {
            "network": "tcp",
            "security": "tls",
            "tlsSettings": {
                "serverName": "lmnode-ixd3fh2v5uq1v3z-lmhk.lma1b2.com",
                "allowInsecure": true
            }
        }
    },
    {
        "tag": "PRO-HK-09",
        "protocol": "trojan",
        "settings": {
            "servers": [
                {
                    "address": "lmnode-ixd3fh2v5uq1v3z-lmhk.lma1b2.com",
                    "password": "53338ad8-09dc-4674-8d18-f017aa3a96b6",
                    "port": 53409
                }
            ]
        },
        "streamSettings": {
            "network": "tcp",
            "security": "tls",
            "tlsSettings": {
                "serverName": "lmnode-ixd3fh2v5uq1v3z-lmhk.lma1b2.com",
                "allowInsecure": true
            }
        }
    },
    {
        "tag": "PRO-HK-10",
        "protocol": "trojan",
        "settings": {
            "servers": [
                {
                    "address": "lmnode-ixd3fh2v5uq1v3z-lmhk.lma1b2.com",
                    "password": "53338ad8-09dc-4674-8d18-f017aa3a96b6",
                    "port": 53410
                }
            ]
        },
        "streamSettings": {
            "network": "tcp",
            "security": "tls",
            "tlsSettings": {
                "serverName": "lmnode-ixd3fh2v5uq1v3z-lmhk.lma1b2.com",
                "allowInsecure": true
            }
        }
    },
    {
        "tag": "PRO-HK-11",
        "protocol": "trojan",
        "settings": {
            "servers": [
                {
                    "address": "lmnode-ixd3fh2v5uq1v3z-lmhk.lma1b2.com",
                    "password": "53338ad8-09dc-4674-8d18-f017aa3a96b6",
                    "port": 53411
                }
            ]
        },
        "streamSettings": {
            "network": "tcp",
            "security": "tls",
            "tlsSettings": {
                "serverName": "lmnode-ixd3fh2v5uq1v3z-lmhk.lma1b2.com",
                "allowInsecure": true
            }
        }
    },
    {
        "tag": "PRO-HK-12",
        "protocol": "trojan",
        "settings": {
            "servers": [
                {
                    "address": "lmnode-ixd3fh2v5uq1v3z-lmhk.lma1b2.com",
                    "password": "53338ad8-09dc-4674-8d18-f017aa3a96b6",
                    "port": 53412
                }
            ]
        },
        "streamSettings": {
            "network": "tcp",
            "security": "tls",
            "tlsSettings": {
                "serverName": "lmnode-ixd3fh2v5uq1v3z-lmhk.lma1b2.com",
                "allowInsecure": true
            }
        }
    },
    {
        "tag": "PRO-HK-13",
        "protocol": "trojan",
        "settings": {
            "servers": [
                {
                    "address": "lmnode-ixd3fh2v5uq1v3z-lmhk.lma1b2.com",
                    "password": "53338ad8-09dc-4674-8d18-f017aa3a96b6",
                    "port": 53413
                }
            ]
        },
        "streamSettings": {
            "network": "tcp",
            "security": "tls",
            "tlsSettings": {
                "serverName": "lmnode-ixd3fh2v5uq1v3z-lmhk.lma1b2.com",
                "allowInsecure": true
            }
        }
    },
    {
        "tag": "PRO-HK-14",
        "protocol": "trojan",
        "settings": {
            "servers": [
                {
                    "address": "lmnode-ixd3fh2v5uq1v3z-lmhk.lma1b2.com",
                    "password": "53338ad8-09dc-4674-8d18-f017aa3a96b6",
                    "port": 53414
                }
            ]
        },
        "streamSettings": {
            "network": "tcp",
            "security": "tls",
            "tlsSettings": {
                "serverName": "lmnode-ixd3fh2v5uq1v3z-lmhk.lma1b2.com",
                "allowInsecure": true
            }
        }
    },
    {
        "tag": "PRO-HK-15",
        "protocol": "trojan",
        "settings": {
            "servers": [
                {
                    "address": "lmnode-ixd3fh2v5uq1v3z-lmhk.lma1b2.com",
                    "password": "53338ad8-09dc-4674-8d18-f017aa3a96b6",
                    "port": 53415
                }
            ]
        },
        "streamSettings": {
            "network": "tcp",
            "security": "tls",
            "tlsSettings": {
                "serverName": "lmnode-ixd3fh2v5uq1v3z-lmhk.lma1b2.com",
                "allowInsecure": true
            }
        }
    },
    {
        "tag": "PRO-HK-16",
        "protocol": "trojan",
        "settings": {
            "servers": [
                {
                    "address": "lmnode-ixd3fh2v5uq1v3z-lmhk.lma1b2.com",
                    "password": "53338ad8-09dc-4674-8d18-f017aa3a96b6",
                    "port": 53416
                }
            ]
        },
        "streamSettings": {
            "network": "tcp",
            "security": "tls",
            "tlsSettings": {
                "serverName": "lmnode-ixd3fh2v5uq1v3z-lmhk.lma1b2.com",
                "allowInsecure": true
            }
        }
    },
    {
        "tag": "PRO-HK-17",
        "protocol": "trojan",
        "settings": {
            "servers": [
                {
                    "address": "lmnode-ixd3fh2v5uq1v3z-lmhk.lma1b2.com",
                    "password": "53338ad8-09dc-4674-8d18-f017aa3a96b6",
                    "port": 53417
                }
            ]
        },
        "streamSettings": {
            "network": "tcp",
            "security": "tls",
            "tlsSettings": {
                "serverName": "lmnode-ixd3fh2v5uq1v3z-lmhk.lma1b2.com",
                "allowInsecure": true
            }
        }
    },
    {
        "tag": "PRO-HK-18",
        "protocol": "trojan",
        "settings": {
            "servers": [
                {
                    "address": "lmnode-ixd3fh2v5uq1v3z-lmhk.lma1b2.com",
                    "password": "53338ad8-09dc-4674-8d18-f017aa3a96b6",
                    "port": 53418
                }
            ]
        },
        "streamSettings": {
            "network": "tcp",
            "security": "tls",
            "tlsSettings": {
                "serverName": "lmnode-ixd3fh2v5uq1v3z-lmhk.lma1b2.com",
                "allowInsecure": true
            }
        }
    },
    {
        "tag": "PRO-HK-19",
        "protocol": "trojan",
        "settings": {
            "servers": [
                {
                    "address": "lmnode-ixd3fh2v5uq1v3z-lmhk.lma1b2.com",
                    "password": "53338ad8-09dc-4674-8d18-f017aa3a96b6",
                    "port": 53419
                }
            ]
        },
        "streamSettings": {
            "network": "tcp",
            "security": "tls",
            "tlsSettings": {
                "serverName": "lmnode-ixd3fh2v5uq1v3z-lmhk.lma1b2.com",
                "allowInsecure": true
            }
        }
    },
    {
        "tag": "PRO-HK-20",
        "protocol": "trojan",
        "settings": {
            "servers": [
                {
                    "address": "lmnode-ixd3fh2v5uq1v3z-lmhk.lma1b2.com",
                    "password": "53338ad8-09dc-4674-8d18-f017aa3a96b6",
                    "port": 53420
                }
            ]
        },
        "streamSettings": {
            "network": "tcp",
            "security": "tls",
            "tlsSettings": {
                "serverName": "lmnode-ixd3fh2v5uq1v3z-lmhk.lma1b2.com",
                "allowInsecure": true
            }
        }
    },
      {
          "tag": "PRO-TW-01",
          "protocol": "shadowsocks",
          "settings": {
              "servers": [
                  {
                      "address": "lmnode-a6bbc2f7.ixd3fh2v5uq1v3z-lmtw.lma1b2.com",
                      "method": "aes-128-gcm",
                      "password": "53338ad8-09dc-4674-8d18-f017aa3a96b6",
                      "port": 50021
                  }
              ]
          }
      },
      {
          "tag": "PRO-TW-02",
          "protocol": "shadowsocks",
          "settings": {
              "servers": [
                  {
                      "address": "lmnode-a6bbc2f7.ixd3fh2v5uq1v3z-lmtw.lma1b2.com",
                      "method": "aes-128-gcm",
                      "password": "53338ad8-09dc-4674-8d18-f017aa3a96b6",
                      "port": 50022
                  }
              ]
          }
      },
      {
          "tag": "PRO-TW-03",
          "protocol": "shadowsocks",
          "settings": {
              "servers": [
                  {
                      "address": "lmnode-a6bbc2f7.ixd3fh2v5uq1v3z-lmtw.lma1b2.com",
                      "method": "aes-128-gcm",
                      "password": "53338ad8-09dc-4674-8d18-f017aa3a96b6",
                      "port": 50023
                  }
              ]
          }
      },
      {
          "tag": "PRO-TW-04",
          "protocol": "shadowsocks",
          "settings": {
              "servers": [
                  {
                      "address": "lmnode-a6bbc2f7.ixd3fh2v5uq1v3z-lmtw.lma1b2.com",
                      "method": "aes-128-gcm",
                      "password": "53338ad8-09dc-4674-8d18-f017aa3a96b6",
                      "port": 50024
                  }
              ]
          }
      },
      {
          "tag": "PRO-TW-05",
          "protocol": "shadowsocks",
          "settings": {
              "servers": [
                  {
                      "address": "lmnode-a6bbc2f7.ixd3fh2v5uq1v3z-lmtw.lma1b2.com",
                      "method": "aes-128-gcm",
                      "password": "53338ad8-09dc-4674-8d18-f017aa3a96b6",
                      "port": 50025
                  }
              ]
          }
      },
      {
          "tag": "PRO-TW-06",
          "protocol": "shadowsocks",
          "settings": {
              "servers": [
                  {
                      "address": "lmnode-a6bbc2f7.ixd3fh2v5uq1v3z-lmtw.lma1b2.com",
                      "method": "aes-128-gcm",
                      "password": "53338ad8-09dc-4674-8d18-f017aa3a96b6",
                      "port": 50026
                  }
              ]
          }
      },
      {
          "tag": "PRO-TW-07",
          "protocol": "shadowsocks",
          "settings": {
              "servers": [
                  {
                      "address": "lmnode-a6bbc2f7.ixd3fh2v5uq1v3z-lmtw.lma1b2.com",
                      "method": "aes-128-gcm",
                      "password": "53338ad8-09dc-4674-8d18-f017aa3a96b6",
                      "port": 50027
                  }
              ]
          }
      },
      {
          "tag": "PRO-TW-08",
          "protocol": "shadowsocks",
          "settings": {
              "servers": [
                  {
                      "address": "lmnode-a6bbc2f7.ixd3fh2v5uq1v3z-lmtw.lma1b2.com",
                      "method": "aes-128-gcm",
                      "password": "53338ad8-09dc-4674-8d18-f017aa3a96b6",
                      "port": 50028
                  }
              ]
          }
      },
      {
          "tag": "PRO-TW-09",
          "protocol": "shadowsocks",
          "settings": {
              "servers": [
                  {
                      "address": "lmnode-a6bbc2f7.ixd3fh2v5uq1v3z-lmtw.lma1b2.com",
                      "method": "aes-128-gcm",
                      "password": "53338ad8-09dc-4674-8d18-f017aa3a96b6",
                      "port": 50029
                  }
              ]
          }
      },
      {
          "tag": "PRO-TW-10",
          "protocol": "shadowsocks",
          "settings": {
              "servers": [
                  {
                      "address": "lmnode-a6bbc2f7.ixd3fh2v5uq1v3z-lmtw.lma1b2.com",
                      "method": "aes-128-gcm",
                      "password": "53338ad8-09dc-4674-8d18-f017aa3a96b6",
                      "port": 50030
                  }
              ]
          }
      },
      {
          "tag": "PRO-SG-01",
          "protocol": "shadowsocks",
          "settings": {
              "servers": [
                  {
                      "address": "lmnode-a6bbc2f7.ixd3fh2v5uq1v3z-lmsg.lma1b2.com",
                      "method": "aes-128-gcm",
                      "password": "53338ad8-09dc-4674-8d18-f017aa3a96b6",
                      "port": 50031
                  }
              ]
          }
      },
      {
          "tag": "PRO-SG-02",
          "protocol": "shadowsocks",
          "settings": {
              "servers": [
                  {
                      "address": "lmnode-a6bbc2f7.ixd3fh2v5uq1v3z-lmsg.lma1b2.com",
                      "method": "aes-128-gcm",
                      "password": "53338ad8-09dc-4674-8d18-f017aa3a96b6",
                      "port": 50032
                  }
              ]
          }
      },
      {
          "tag": "PRO-SG-03",
          "protocol": "shadowsocks",
          "settings": {
              "servers": [
                  {
                      "address": "lmnode-a6bbc2f7.ixd3fh2v5uq1v3z-lmsg.lma1b2.com",
                      "method": "aes-128-gcm",
                      "password": "53338ad8-09dc-4674-8d18-f017aa3a96b6",
                      "port": 50033
                  }
              ]
          }
      },
      {
          "tag": "PRO-SG-04",
          "protocol": "shadowsocks",
          "settings": {
              "servers": [
                  {
                      "address": "lmnode-a6bbc2f7.ixd3fh2v5uq1v3z-lmsg.lma1b2.com",
                      "method": "aes-128-gcm",
                      "password": "53338ad8-09dc-4674-8d18-f017aa3a96b6",
                      "port": 50034
                  }
              ]
          }
      },
      {
          "tag": "PRO-SG-05",
          "protocol": "shadowsocks",
          "settings": {
              "servers": [
                  {
                      "address": "lmnode-a6bbc2f7.ixd3fh2v5uq1v3z-lmsg.lma1b2.com",
                      "method": "aes-128-gcm",
                      "password": "53338ad8-09dc-4674-8d18-f017aa3a96b6",
                      "port": 50035
                  }
              ]
          }
      },
      {
          "tag": "PRO-SG-06",
          "protocol": "shadowsocks",
          "settings": {
              "servers": [
                  {
                      "address": "lmnode-a6bbc2f7.ixd3fh2v5uq1v3z-lmsg.lma1b2.com",
                      "method": "aes-128-gcm",
                      "password": "53338ad8-09dc-4674-8d18-f017aa3a96b6",
                      "port": 50036
                  }
              ]
          }
      },
      {
          "tag": "PRO-SG-07",
          "protocol": "shadowsocks",
          "settings": {
              "servers": [
                  {
                      "address": "lmnode-a6bbc2f7.ixd3fh2v5uq1v3z-lmsg.lma1b2.com",
                      "method": "aes-128-gcm",
                      "password": "53338ad8-09dc-4674-8d18-f017aa3a96b6",
                      "port": 50037
                  }
              ]
          }
      },
      {
          "tag": "PRO-SG-08",
          "protocol": "shadowsocks",
          "settings": {
              "servers": [
                  {
                      "address": "lmnode-a6bbc2f7.ixd3fh2v5uq1v3z-lmsg.lma1b2.com",
                      "method": "aes-128-gcm",
                      "password": "53338ad8-09dc-4674-8d18-f017aa3a96b6",
                      "port": 50038
                  }
              ]
          }
      },
      {
          "tag": "PRO-SG-09",
          "protocol": "shadowsocks",
          "settings": {
              "servers": [
                  {
                      "address": "lmnode-a6bbc2f7.ixd3fh2v5uq1v3z-lmsg.lma1b2.com",
                      "method": "aes-128-gcm",
                      "password": "53338ad8-09dc-4674-8d18-f017aa3a96b6",
                      "port": 50039
                  }
              ]
          }
      },
      {
          "tag": "PRO-SG-10",
          "protocol": "shadowsocks",
          "settings": {
              "servers": [
                  {
                      "address": "lmnode-a6bbc2f7.ixd3fh2v5uq1v3z-lmsg.lma1b2.com",
                      "method": "aes-128-gcm",
                      "password": "53338ad8-09dc-4674-8d18-f017aa3a96b6",
                      "port": 50040
                  }
              ]
          }
      },
      {
          "tag": "PRO-JP-01",
          "protocol": "shadowsocks",
          "settings": {
              "servers": [
                  {
                      "address": "lmnode-a6bbc2f7.ixd3fh2v5uq1v3z-lmjp.lma1b2.com",
                      "method": "aes-128-gcm",
                      "password": "53338ad8-09dc-4674-8d18-f017aa3a96b6",
                      "port": 50041
                  }
              ]
          }
      },
      {
          "tag": "PRO-JP-02",
          "protocol": "shadowsocks",
          "settings": {
              "servers": [
                  {
                      "address": "lmnode-a6bbc2f7.ixd3fh2v5uq1v3z-lmjp.lma1b2.com",
                      "method": "aes-128-gcm",
                      "password": "53338ad8-09dc-4674-8d18-f017aa3a96b6",
                      "port": 50042
                  }
              ]
          }
      },
      {
          "tag": "PRO-JP-03",
          "protocol": "shadowsocks",
          "settings": {
              "servers": [
                  {
                      "address": "lmnode-a6bbc2f7.ixd3fh2v5uq1v3z-lmjp.lma1b2.com",
                      "method": "aes-128-gcm",
                      "password": "53338ad8-09dc-4674-8d18-f017aa3a96b6",
                      "port": 50043
                  }
              ]
          }
      },
      {
          "tag": "PRO-JP-04",
          "protocol": "shadowsocks",
          "settings": {
              "servers": [
                  {
                      "address": "lmnode-a6bbc2f7.ixd3fh2v5uq1v3z-lmjp.lma1b2.com",
                      "method": "aes-128-gcm",
                      "password": "53338ad8-09dc-4674-8d18-f017aa3a96b6",
                      "port": 50044
                  }
              ]
          }
      },
      {
          "tag": "PRO-JP-05",
          "protocol": "shadowsocks",
          "settings": {
              "servers": [
                  {
                      "address": "lmnode-a6bbc2f7.ixd3fh2v5uq1v3z-lmjp.lma1b2.com",
                      "method": "aes-128-gcm",
                      "password": "53338ad8-09dc-4674-8d18-f017aa3a96b6",
                      "port": 50045
                  }
              ]
          }
      },
      {
          "tag": "PRO-JP-06",
          "protocol": "shadowsocks",
          "settings": {
              "servers": [
                  {
                      "address": "lmnode-a6bbc2f7.ixd3fh2v5uq1v3z-lmjp.lma1b2.com",
                      "method": "aes-128-gcm",
                      "password": "53338ad8-09dc-4674-8d18-f017aa3a96b6",
                      "port": 50046
                  }
              ]
          }
      },
      {
          "tag": "PRO-JP-07",
          "protocol": "shadowsocks",
          "settings": {
              "servers": [
                  {
                      "address": "lmnode-a6bbc2f7.ixd3fh2v5uq1v3z-lmjp.lma1b2.com",
                      "method": "aes-128-gcm",
                      "password": "53338ad8-09dc-4674-8d18-f017aa3a96b6",
                      "port": 50047
                  }
              ]
          }
      },
      {
          "tag": "PRO-JP-08",
          "protocol": "shadowsocks",
          "settings": {
              "servers": [
                  {
                      "address": "lmnode-a6bbc2f7.ixd3fh2v5uq1v3z-lmjp.lma1b2.com",
                      "method": "aes-128-gcm",
                      "password": "53338ad8-09dc-4674-8d18-f017aa3a96b6",
                      "port": 50048
                  }
              ]
          }
      },
      {
          "tag": "PRO-JP-09",
          "protocol": "shadowsocks",
          "settings": {
              "servers": [
                  {
                      "address": "lmnode-a6bbc2f7.ixd3fh2v5uq1v3z-lmjp.lma1b2.com",
                      "method": "aes-128-gcm",
                      "password": "53338ad8-09dc-4674-8d18-f017aa3a96b6",
                      "port": 50049
                  }
              ]
          }
      },
      {
          "tag": "PRO-JP-10",
          "protocol": "shadowsocks",
          "settings": {
              "servers": [
                  {
                      "address": "lmnode-a6bbc2f7.ixd3fh2v5uq1v3z-lmjp.lma1b2.com",
                      "method": "aes-128-gcm",
                      "password": "53338ad8-09dc-4674-8d18-f017aa3a96b6",
                      "port": 50050
                  }
              ]
          }
      },
      {
          "tag": "PRO-US-01",
          "protocol": "shadowsocks",
          "settings": {
              "servers": [
                  {
                      "address": "lmnode-a6bbc2f7.ixd3fh2v5uq1v3z-lmus.lma1b2.com",
                      "method": "aes-128-gcm",
                      "password": "53338ad8-09dc-4674-8d18-f017aa3a96b6",
                      "port": 50051
                  }
              ]
          }
      },
      {
          "tag": "PRO-US-02",
          "protocol": "shadowsocks",
          "settings": {
              "servers": [
                  {
                      "address": "lmnode-a6bbc2f7.ixd3fh2v5uq1v3z-lmus.lma1b2.com",
                      "method": "aes-128-gcm",
                      "password": "53338ad8-09dc-4674-8d18-f017aa3a96b6",
                      "port": 50052
                  }
              ]
          }
      },
      {
          "tag": "PRO-US-03",
          "protocol": "shadowsocks",
          "settings": {
              "servers": [
                  {
                      "address": "lmnode-a6bbc2f7.ixd3fh2v5uq1v3z-lmus.lma1b2.com",
                      "method": "aes-128-gcm",
                      "password": "53338ad8-09dc-4674-8d18-f017aa3a96b6",
                      "port": 50053
                  }
              ]
          }
      },
      {
          "tag": "PRO-US-04",
          "protocol": "shadowsocks",
          "settings": {
              "servers": [
                  {
                      "address": "lmnode-a6bbc2f7.ixd3fh2v5uq1v3z-lmus.lma1b2.com",
                      "method": "aes-128-gcm",
                      "password": "53338ad8-09dc-4674-8d18-f017aa3a96b6",
                      "port": 50054
                  }
              ]
          }
      },
      {
          "tag": "PRO-US-05",
          "protocol": "shadowsocks",
          "settings": {
              "servers": [
                  {
                      "address": "lmnode-a6bbc2f7.ixd3fh2v5uq1v3z-lmus.lma1b2.com",
                      "method": "aes-128-gcm",
                      "password": "53338ad8-09dc-4674-8d18-f017aa3a96b6",
                      "port": 50055
                  }
              ]
          }
      },
      {
          "tag": "PRO-US-06",
          "protocol": "shadowsocks",
          "settings": {
              "servers": [
                  {
                      "address": "lmnode-a6bbc2f7.ixd3fh2v5uq1v3z-lmus.lma1b2.com",
                      "method": "aes-128-gcm",
                      "password": "53338ad8-09dc-4674-8d18-f017aa3a96b6",
                      "port": 50056
                  }
              ]
          }
      },
      {
          "tag": "PRO-US-07",
          "protocol": "shadowsocks",
          "settings": {
              "servers": [
                  {
                      "address": "lmnode-a6bbc2f7.ixd3fh2v5uq1v3z-lmus.lma1b2.com",
                      "method": "aes-128-gcm",
                      "password": "53338ad8-09dc-4674-8d18-f017aa3a96b6",
                      "port": 50057
                  }
              ]
          }
      },
      {
          "tag": "PRO-US-08",
          "protocol": "shadowsocks",
          "settings": {
              "servers": [
                  {
                      "address": "lmnode-a6bbc2f7.ixd3fh2v5uq1v3z-lmus.lma1b2.com",
                      "method": "aes-128-gcm",
                      "password": "53338ad8-09dc-4674-8d18-f017aa3a96b6",
                      "port": 50058
                  }
              ]
          }
      },
      {
          "tag": "PRO-US-09",
          "protocol": "shadowsocks",
          "settings": {
              "servers": [
                  {
                      "address": "lmnode-a6bbc2f7.ixd3fh2v5uq1v3z-lmus.lma1b2.com",
                      "method": "aes-128-gcm",
                      "password": "53338ad8-09dc-4674-8d18-f017aa3a96b6",
                      "port": 50059
                  }
              ]
          }
      },
      {
          "tag": "PRO-US-10",
          "protocol": "shadowsocks",
          "settings": {
              "servers": [
                  {
                      "address": "lmnode-a6bbc2f7.ixd3fh2v5uq1v3z-lmus.lma1b2.com",
                      "method": "aes-128-gcm",
                      "password": "53338ad8-09dc-4674-8d18-f017aa3a96b6",
                      "port": 50060
                  }
              ]
          }
      },
      {
          "tag": "PRO-MY-01",
          "protocol": "shadowsocks",
          "settings": {
              "servers": [
                  {
                      "address": "lmnode-a6bbc2f7.ixd3fh2v5uq1v3z-lmmy.lma1b2.com",
                      "method": "aes-128-gcm",
                      "password": "53338ad8-09dc-4674-8d18-f017aa3a96b6",
                      "port": 50066
                  }
              ]
          }
      },
      {
          "tag": "PRO-MY-02",
          "protocol": "shadowsocks",
          "settings": {
              "servers": [
                  {
                      "address": "lmnode-a6bbc2f7.ixd3fh2v5uq1v3z-lmmy.lma1b2.com",
                      "method": "aes-128-gcm",
                      "password": "53338ad8-09dc-4674-8d18-f017aa3a96b6",
                      "port": 50067
                  }
              ]
          }
      },
      {
          "tag": "PRO-MY-03",
          "protocol": "shadowsocks",
          "settings": {
              "servers": [
                  {
                      "address": "lmnode-a6bbc2f7.ixd3fh2v5uq1v3z-lmmy.lma1b2.com",
                      "method": "aes-128-gcm",
                      "password": "53338ad8-09dc-4674-8d18-f017aa3a96b6",
                      "port": 50068
                  }
              ]
          }
      },
      {
          "tag": "PRO-MY-04",
          "protocol": "shadowsocks",
          "settings": {
              "servers": [
                  {
                      "address": "lmnode-a6bbc2f7.ixd3fh2v5uq1v3z-lmmy.lma1b2.com",
                      "method": "aes-128-gcm",
                      "password": "53338ad8-09dc-4674-8d18-f017aa3a96b6",
                      "port": 50069
                  }
              ]
          }
      },
      {
          "tag": "PRO-MY-05",
          "protocol": "shadowsocks",
          "settings": {
              "servers": [
                  {
                      "address": "lmnode-a6bbc2f7.ixd3fh2v5uq1v3z-lmmy.lma1b2.com",
                      "method": "aes-128-gcm",
                      "password": "53338ad8-09dc-4674-8d18-f017aa3a96b6",
                      "port": 50070
                  }
              ]
          }
      },
      {
          "tag": "PRO-TR-01",
          "protocol": "shadowsocks",
          "settings": {
              "servers": [
                  {
                      "address": "lmnode-a6bbc2f7.ixd3fh2v5uq1v3z-lmtr.lma1b2.com",
                      "method": "aes-128-gcm",
                      "password": "53338ad8-09dc-4674-8d18-f017aa3a96b6",
                      "port": 50096
                  }
              ]
          }
      },
      {
          "tag": "PRO-AR-01",
          "protocol": "shadowsocks",
          "settings": {
              "servers": [
                  {
                      "address": "lmnode-a6bbc2f7.ixd3fh2v5uq1v3z-lmar.lma1b2.com",
                      "method": "aes-128-gcm",
                      "password": "53338ad8-09dc-4674-8d18-f017aa3a96b6",
                      "port": 50098
                  }
              ]
          }
      }
  ]